Date,bitcoin-cash,bitcoin,dash,eos,ethereum-classic,ethereum,iota,litecoin,nano,neo,ripple,stellar,tron,verge
2018-05-07,1781.47,9665.85,486.01,18.4,25.45,795.76,2.31,171.92,8.79,83.59,0.871236,0.41485900000000003,0.084966,0.07596900000000001
2018-05-06,1838.49,9940.14,521.14,17.9,25.8,835.06,2.51,182.88,9.08,87.94,0.918675,0.43213199999999996,0.08709800000000001,0.07940599999999999
2018-05-05,1753.11,9964.5,508.47,18.57,23.19,827.46,2.47,181.63,9.39,86.07,0.9223540000000001,0.435669,0.090875,0.082089
2018-05-04,1538.46,9779.2,502.68,18.06,22.72,803.75,2.59,170.38,10.44,87.7,0.927695,0.43968199999999996,0.088867,0.081581
2018-05-03,1536.8,9798.33,511.29,19.27,23.43,784.34,2.68,164.0,9.93,89.68,0.8929159999999999,0.442878,0.091438,0.084588
2018-05-02,1480.58,9256.52,482.65,19.51,21.75,688.84,2.31,152.89,8.62,85.39,0.8642799999999999,0.44680699999999995,0.093038,0.083878
2018-05-01,1351.28,9255.88,478.9,19.08,21.86,674.4,1.98,148.55,8.41,84.86,0.8420690000000001,0.45123800000000003,0.094279,0.083676
2018-04-30,1440.96,9477.14,499.43,21.64,22.95,694.44,2.05,154.08,9.01,94.76,0.8767879999999999,0.460128,0.10119700000000001,0.081536
2018-04-29,1477.31,9531.49,505.19,22.89,22.26,697.76,2.12,155.62,8.25,92.52,0.9049450000000001,0.46151800000000004,0.090331,0.07304400000000001
2018-04-28,1418.61,9412.09,500.29,19.51,22.28,691.44,2.09,153.33,7.61,78.2,0.887591,0.435816,0.084223,0.07307999999999999
2018-04-27,1422.06,9375.47,504.29,17.95,21.93,684.87,2.09,153.62,7.54,77.31,0.859641,0.42515699999999995,0.079154,0.074507
2018-04-26,1420.41,9281.51,504.12,15.49,21.54,663.18,2.05,153.82,7.57,77.24,0.8524139999999999,0.38859699999999997,0.074566,0.071325
2018-04-25,1437.18,9745.32,528.05,15.54,22.13,707.06,2.14,165.09,8.12,82.58,0.9327709999999999,0.3984,0.08139199999999999,0.06879400000000001
2018-04-24,1560.94,9732.61,541.29,16.0,22.82,708.88,2.21,165.94,8.31,84.44,0.9656100000000001,0.407527,0.07746900000000001,0.069754
2018-04-23,1443.27,8958.55,524.05,11.79,20.75,646.7,2.18,152.77,7.61,77.8,0.8862899999999999,0.37505,0.058546,0.07009800000000001
2018-04-22,1250.51,9001.64,478.45,11.83,19.4,640.77,2.1,152.23,7.45,77.2,0.9119010000000001,0.383253,0.05451,0.072568
2018-04-21,1172.28,8997.57,461.26,11.65,19.98,621.89,1.99,156.61,7.75,79.62,0.9250209999999999,0.398127,0.056619,0.07222200000000001
2018-04-20,1142.5,8880.23,464.41,11.57,19.76,618.72,2.0,155.72,7.35,79.47,0.9383540000000001,0.398048,0.053673,0.073874
2018-04-19,983.58,8298.69,433.79,9.44,18.38,567.89,1.78,146.87,7.2,74.79,0.791976,0.377249,0.051807000000000006,0.076175
2018-04-18,893.57,8197.8,421.93,9.15,17.77,525.09,1.7,140.85,6.67,73.36,0.721426,0.353661,0.047521,0.07816000000000001
2018-04-17,784.49,8285.96,377.03,8.99,16.74,518.03,1.66,139.65,6.23,69.85,0.6773560000000001,0.317498,0.0434,0.11596600000000001
2018-04-16,797.88,8371.15,381.8,8.39,16.85,534.2,1.69,132.63,6.5,70.77,0.6871649999999999,0.301667,0.043903,0.097851
2018-04-15,785.35,8338.42,384.69,8.63,16.83,531.7,1.69,132.05,6.41,70.33,0.682534,0.29639499999999996,0.043279000000000005,0.094045
2018-04-14,760.48,8140.71,374.76,8.93,16.31,512.02,1.45,129.34,6.32,65.45,0.661508,0.259121,0.041514999999999996,0.097612
2018-04-13,781.13,8183.96,388.31,9.27,16.61,526.47,1.5,133.04,7.13,68.1,0.693112,0.26708000000000004,0.043226,0.100342
2018-04-12,734.48,7899.23,354.0,9.05,16.25,493.06,1.38,129.34,5.85,66.71,0.644518,0.24226399999999998,0.039869999999999996,0.094467
2018-04-11,666.58,6968.32,309.42,8.82,14.61,430.54,1.07,119.09,5.44,59.46,0.548455,0.21246500000000001,0.037493,0.086088
2018-04-10,657.01,6872.41,300.85,6.07,13.78,415.89,1.01,115.4,4.9,53.2,0.493645,0.20128900000000002,0.037169,0.090611
2018-04-09,680.6,7178.11,321.83,6.07,14.51,429.25,1.06,122.43,5.2,56.66,0.512142,0.213455,0.037986,0.078112
2018-04-08,659.81,7111.56,314.1,6.01,14.48,402.59,1.05,118.55,5.29,49.19,0.501418,0.207877,0.038683999999999996,0.06864400000000001
2018-04-07,652.59,7050.54,308.68,6.04,13.8,393.06,1.01,119.38,5.34,47.81,0.495667,0.20575,0.03815,0.067753
2018-04-06,646.08,6857.49,302.8,6.41,13.85,385.2,0.995309,119.93,5.18,47.48,0.49809,0.19964500000000002,0.044105,0.059661
2018-04-05,655.52,6933.82,304.66,6.46,13.81,387.72,0.9909479999999999,121.29,5.25,47.85,0.5058819999999999,0.20915300000000003,0.050131,0.06287899999999999
2018-04-04,711.27,7469.88,340.33,6.14,15.12,417.47,1.11,134.61,6.17,53.63,0.563117,0.236577,0.035158,0.071391
2018-04-03,719.77,7530.94,342.02,6.19,15.27,418.97,1.12,136.45,6.12,54.13,0.5626979999999999,0.23984499999999997,0.035827,0.07648200000000001
2018-04-02,686.03,7135.47,311.81,5.96,14.33,395.17,1.06,121.42,5.46,50.3,0.510446,0.23338299999999998,0.035755,0.048373
2018-04-01,699.05,7060.95,311.11,6.04,14.52,400.53,1.1,117.83,5.76,50.59,0.515437,0.21339,0.034842000000000005,0.046525
2018-03-31,735.82,7207.85,328.29,6.22,14.94,418.47,1.16,123.87,5.88,52.91,0.529406,0.22078000000000003,0.042970999999999995,0.040617
2018-03-30,766.97,7276.66,331.36,6.2,15.08,409.93,1.14,124.9,5.58,53.58,0.531276,0.199357,0.045609,0.037954
2018-03-29,867.31,7994.33,351.36,6.37,16.17,450.81,1.19,132.61,6.65,57.4,0.5786399999999999,0.22146,0.05061,0.042516000000000005
2018-03-28,897.63,8122.89,368.52,6.55,16.84,466.21,1.24,140.13,6.87,60.12,0.594023,0.225843,0.049505,0.043453
2018-03-27,926.38,8232.78,392.19,6.44,17.06,491.46,1.24,149.62,7.01,60.02,0.604332,0.229138,0.046132,0.054977
2018-03-26,975.61,8530.08,413.66,6.57,18.13,526.38,1.33,160.99,7.64,65.94,0.644121,0.246144,0.046448,0.046922000000000005
2018-03-25,991.07,8682.01,423.19,6.76,18.56,535.82,1.35,162.72,7.87,67.44,0.657213,0.24273899999999998,0.049612,0.044403
2018-03-24,1030.43,8996.18,459.2,7.12,19.39,545.38,1.41,168.65,8.4,70.24,0.679608,0.24577800000000002,0.052989,0.048593
2018-03-23,1019.43,8879.62,427.46,7.14,19.69,540.49,1.34,167.83,8.26,69.61,0.663111,0.242993,0.041137,0.040045
2018-03-22,1064.22,9100.71,438.4,7.34,20.73,577.57,1.41,172.31,8.9,75.07,0.7013510000000001,0.259328,0.039077,0.041068
2018-03-21,1082.35,9177.37,450.64,7.24,21.52,589.61,1.49,175.26,9.7,77.79,0.7206100000000001,0.271789,0.040039,0.036593
2018-03-20,1072.42,9051.02,442.05,6.4,21.07,567.09,1.52,173.3,9.54,79.56,0.736759,0.282082,0.040354,0.035473000000000005
2018-03-19,997.28,8675.87,409.32,6.36,19.65,558.1,1.34,163.05,8.8,73.44,0.74908,0.250226,0.032995,0.031761000000000005
2018-03-18,948.28,8245.51,394.15,4.68,16.91,551.64,1.29,156.15,8.58,66.7,0.6775909999999999,0.22282800000000003,0.029387,0.03032
2018-03-17,1028.73,8346.53,427.39,5.11,17.97,609.15,1.15,165.22,8.91,69.11,0.689434,0.234321,0.030309,0.033081
2018-03-16,1053.63,8585.15,432.67,5.32,18.51,623.17,1.15,171.26,9.5,71.49,0.71178,0.24154499999999998,0.031245,0.034847
2018-03-15,954.41,8428.35,431.43,5.38,19.31,620.62,1.14,167.33,9.21,72.95,0.7306729999999999,0.250575,0.03119,0.031776
2018-03-14,1073.12,9355.85,493.49,5.97,20.22,702.78,1.37,177.55,11.07,85.03,0.79908,0.297763,0.036323,0.037727
2018-03-13,1100.07,9470.38,514.01,5.98,20.84,713.74,1.35,181.87,11.11,88.39,0.805729,0.301183,0.037122,0.038807999999999995
2018-03-12,1152.56,9937.5,549.33,6.23,21.79,742.51,1.42,193.34,12.0,92.98,0.8383280000000001,0.312193,0.039508,0.040894
2018-03-11,1157.07,9711.89,548.41,6.24,21.85,735.83,1.43,193.48,12.11,92.49,0.840407,0.306688,0.039320999999999995,0.039858
2018-03-10,1087.3,9531.32,528.35,6.5,22.93,748.03,1.47,194.65,12.99,94.43,0.8604430000000001,0.320392,0.038182,0.042399
2018-03-09,1071.65,9466.35,499.86,6.24,23.26,729.16,1.41,189.92,11.79,93.78,0.856182,0.31544,0.037402,0.039392
2018-03-08,1113.61,10147.4,531.48,6.76,25.17,773.77,1.55,188.15,12.06,102.14,0.8885620000000001,0.341127,0.039594,0.043716000000000005
2018-03-07,1218.84,10929.5,586.74,7.37,25.48,825.61,1.71,199.28,13.93,113.65,0.930659,0.349137,0.044899,0.051380999999999996
2018-03-06,1264.19,11500.1,613.68,8.0,27.29,853.82,1.89,210.51,14.71,114.94,0.9913059999999999,0.366554,0.047626,0.054755
2018-03-05,1291.88,11704.1,621.26,8.29,30.25,869.92,1.9,215.98,15.59,120.12,1.08,0.39822399999999997,0.047905,0.057071000000000004
2018-03-04,1289.72,11512.6,621.47,8.18,31.35,867.95,1.91,214.12,15.72,125.13,1.03,0.363792,0.049675,0.057338
2018-03-03,1302.8,11528.2,615.06,8.3,32.0,868.45,1.96,217.76,16.2,128.06,0.9265120000000001,0.350168,0.052737,0.059868
2018-03-02,1303.66,11189.0,620.55,8.74,34.02,876.38,2.01,213.13,17.3,130.3,0.9339120000000001,0.340805,0.056474,0.064675
2018-03-01,1303.45,11052.3,622.67,8.63,34.8,880.3,2.01,214.7,17.38,136.15,0.9537959999999999,0.347566,0.049225,0.065946
2018-02-28,1275.66,11089.8,621.4,9.22,36.42,890.11,2.02,223.51,15.42,144.62,0.95555,0.364738,0.046405,0.062274
2018-02-27,1297.69,10878.5,644.3,8.87,37.47,896.26,2.08,224.21,16.37,146.35,0.9725799999999999,0.37245,0.043099,0.06218200000000001
2018-02-26,1274.86,10475.0,629.42,8.44,37.11,880.39,1.9,234.42,14.59,137.1,0.9709059999999999,0.371765,0.042894,0.062961
2018-02-25,1210.2,9923.22,602.26,8.19,38.77,853.15,1.98,225.55,14.44,120.0,0.9675969999999999,0.36694,0.041602999999999994,0.06023
2018-02-24,1309.38,10597.2,645.01,8.72,40.71,879.53,1.8,220.31,17.08,126.89,1.01,0.386899,0.045607999999999996,0.06666799999999999
2018-02-23,1319.33,10487.3,650.14,8.77,38.11,886.32,1.81,216.13,13.28,123.85,1.03,0.390408,0.043552,0.065071
2018-02-22,1350.34,11039.1,687.65,8.91,37.63,875.93,1.86,222.77,10.0,126.93,1.05,0.408898,0.046146,0.069385
2018-02-21,1423.94,11418.5,721.26,9.31,40.26,912.38,1.96,235.41,8.3,130.21,1.1,0.433562,0.048235,0.075561
2018-02-20,1569.03,11958.5,738.74,10.01,43.96,965.27,2.12,253.9,8.7,142.01,1.17,0.45537299999999997,0.052074,0.083053
2018-02-19,1553.81,11273.8,731.11,9.79,40.26,957.78,2.14,226.97,9.11,138.52,1.17,0.46175299999999997,0.0527,0.08590199999999999
2018-02-18,1641.4,11349.8,747.42,10.2,35.08,982.93,2.21,232.64,9.73,137.95,1.21,0.48616499999999996,0.055311,0.089199
2018-02-17,1568.64,11139.5,748.89,10.18,35.4,976.6,2.21,233.45,10.03,139.8,1.22,0.48324399999999995,0.054914,0.091904
2018-02-16,1558.66,10324.1,722.02,10.24,35.34,950.01,2.18,236.09,10.02,130.62,1.15,0.45832700000000004,0.053082000000000004,0.071386
2018-02-15,1400.71,10234.8,705.67,10.3,35.65,951.95,2.17,237.88,9.43,125.76,1.16,0.46362299999999995,0.048457,0.060103
2018-02-14,1384.06,9518.54,685.12,10.02,36.44,926.43,2.03,218.23,9.67,123.03,1.17,0.457474,0.046749,0.059002
2018-02-13,1289.42,8958.47,625.75,9.27,34.73,870.71,1.87,162.37,9.88,114.93,1.08,0.435547,0.046483,0.056378
2018-02-12,1302.66,8985.92,626.77,9.29,30.33,875.94,1.91,163.35,10.15,115.85,1.11,0.40181999999999995,0.047493,0.057312
2018-02-11,1306.2,8616.13,633.44,9.09,26.0,859.29,1.86,155.73,9.57,113.19,1.08,0.406615,0.048563999999999996,0.056624
2018-02-10,1394.81,9122.55,672.16,10.3,26.65,917.4,2.13,169.33,10.67,122.85,1.3,0.45392,0.055941,0.064967
2018-02-09,1342.41,8736.98,638.33,9.66,26.21,884.0,1.97,163.98,12.0,117.65,0.954428,0.40232399999999996,0.047968000000000004,0.058311
2018-02-08,1345.2,8558.77,609.47,8.59,21.96,845.09,1.85,151.08,11.85,117.01,0.80697,0.373893,0.038048,0.055726
2018-02-07,1040.49,8509.11,584.48,8.65,20.45,851.2,1.88,157.9,12.93,118.5,0.805478,0.380924,0.038957,0.05828099999999999
2018-02-06,978.91,7850.7,533.55,8.46,19.42,796.44,1.7,146.11,11.31,109.21,0.786004,0.374247,0.036971,0.053266999999999995
2018-02-05,1172.7,8364.84,553.6,8.85,21.19,856.65,1.77,153.52,13.12,108.98,0.833866,0.42533999999999994,0.038903,0.055230999999999995
2018-02-04,1286.98,9334.87,649.37,10.17,24.73,969.03,2.07,173.8,16.57,124.01,0.952947,0.467492,0.04602,0.067106
2018-02-03,1314.43,9430.75,645.85,10.39,24.74,991.94,2.02,165.56,17.1,127.28,0.974799,0.478678,0.047338,0.068427
2018-02-02,1272.5,9142.28,616.62,10.22,24.95,1035.77,1.92,142.56,18.22,129.19,0.960642,0.45508699999999996,0.046042,0.058682000000000005
2018-02-01,1503.3,10288.8,704.55,12.4,28.88,1161.35,2.33,165.81,20.13,147.16,1.16,0.54297,0.058563,0.07520800000000001
2018-01-31,1522.87,10381.6,699.31,12.33,28.76,1128.66,2.34,167.07,20.21,148.18,1.19,0.555212,0.054453999999999995,0.071016
2018-01-30,1662.07,11307.2,781.68,14.03,31.77,1184.63,2.64,181.52,19.05,173.75,1.33,0.590831,0.06412000000000001,0.085651
2018-01-29,1763.24,11875.6,818.31,15.17,33.66,1256.7,2.58,194.39,20.17,168.14,1.41,0.632602,0.06676900000000001,0.092058
2018-01-28,1762.34,12040.3,815.91,15.04,34.4,1257.77,2.56,194.68,20.96,153.61,1.44,0.640046,0.070875,0.095058
2018-01-27,1665.81,11614.9,788.67,14.63,30.13,1121.98,2.49,183.15,19.49,142.07,1.24,0.63945,0.069426,0.096731
2018-01-26,1678.63,11656.7,815.83,14.73,29.69,1080.6,2.45,182.89,17.84,141.13,1.33,0.64578,0.071055,0.094452
2018-01-25,1707.7,11785.7,819.09,14.93,30.39,1104.66,2.59,185.42,15.27,146.94,1.38,0.649971,0.073681,0.097603
2018-01-24,1703.34,11501.4,797.54,13.86,30.54,1062.44,2.57,186.28,15.2,144.12,1.42,0.589589,0.07432000000000001,0.099223
2018-01-23,1700.34,11377.6,796.99,13.81,30.17,1023.23,2.62,186.31,15.08,129.71,1.43,0.518281,0.074035,0.098701
2018-01-22,1815.42,11966.4,847.58,15.18,32.84,1089.1,2.9,195.25,17.38,137.78,1.43,0.529766,0.08280900000000001,0.10819000000000001
2018-01-21,2033.7,12895.9,930.18,15.66,36.21,1155.68,3.01,211.24,20.03,150.23,1.58,0.534347,0.085698,0.130689
2018-01-20,2124.45,13103.0,959.04,15.76,35.56,1167.11,3.14,214.59,20.02,157.19,1.63,0.547453,0.088724,0.113319
2018-01-19,1870.78,11992.8,875.41,11.77,34.34,1093.22,2.93,202.08,19.33,150.15,1.7,0.535594,0.088133,0.12275
2018-01-18,1893.47,12107.3,892.0,11.27,32.89,1100.31,3.03,207.02,19.77,159.49,1.73,0.57007,0.11086700000000001,0.1272
2018-01-17,1875.08,11678.0,827.18,10.57,30.36,1090.23,2.92,197.79,17.18,154.29,1.38,0.503706,0.08431,0.099422
2018-01-16,2406.86,13843.1,937.57,13.04,40.49,1292.63,3.47,232.82,20.9,187.97,1.7,0.600117,0.07637100000000001,0.121253
2018-01-15,2576.13,14445.5,1030.9,14.83,43.7,1390.59,3.76,245.0,23.59,196.85,1.9,0.670579,0.097897,0.146089
2018-01-14,2746.61,14511.8,1110.54,16.17,46.5,1400.56,3.98,270.85,25.55,176.83,2.02,0.672198,0.10316900000000001,0.156392
2018-01-13,2850.27,14659.5,1125.29,18.71,43.16,1432.88,4.1,263.2,26.11,146.51,2.12,0.721316,0.119219,0.164209
2018-01-12,2648.23,14229.9,1069.42,15.34,37.03,1296.04,3.73,243.59,26.24,126.55,2.16,0.71544,0.112919,0.170423
2018-01-11,2976.49,15018.8,1110.68,12.42,37.97,1337.3,3.82,255.05,29.96,124.34,2.25,0.613405,0.130827,0.17285899999999998
2018-01-10,2961.2,14973.3,1117.33,11.63,39.27,1417.38,3.78,251.05,30.28,127.26,2.16,0.588565,0.136777,0.194296
2018-01-09,2502.87,15497.5,1134.49,9.76,39.05,1320.98,3.92,258.5,30.2,129.87,2.53,0.649552,0.156468,0.240605
2018-01-08,2810.32,16537.9,1320.28,12.58,44.41,1266.93,4.19,289.07,31.37,108.6,3.36,0.695952,0.205195,0.208132
2018-01-07,3071.16,17579.6,1394.28,13.37,42.44,1153.17,4.58,305.53,29.42,108.52,3.49,0.744735,0.199655,0.194392
2018-01-06,2829.69,17712.4,1279.47,12.58,38.99,1060.71,4.19,323.12,34.06,103.13,3.24,0.788507,0.232172,0.186502
2018-01-05,2648.32,17705.2,1273.36,11.51,38.28,1075.39,4.2,256.15,36.35,106.24,3.56,0.791967,0.300363,0.199077
2018-01-04,2610.2,15739.7,1316.86,11.97,39.35,1045.08,4.5,245.48,32.68,109.2,3.84,0.9381440000000001,0.21711399999999997,0.197573
2018-01-03,2958.47,15572.8,1216.57,10.23,35.51,974.47,4.19,260.74,33.45,105.56,3.28,0.9199940000000001,0.094703,0.1622
2018-01-02,2867.14,15444.6,1241.7,9.78,38.03,914.83,4.31,263.63,37.62,97.01,2.49,0.593645,0.086989,0.16505999999999998
2018-01-01,2534.86,14112.2,1072.42,9.11,37.03,782.53,4.36,236.63,29.59,80.69,2.39,0.523593,0.052813,0.223719
2017-12-31,2627.95,14377.4,1093.39,8.97,28.43,760.35,3.66,237.79,21.66,78.01,2.39,0.364302,0.045258,0.238015
2017-12-30,2791.55,14681.9,1147.48,9.5,30.04,753.82,3.72,245.43,14.47,74.54,2.85,0.39038,0.038796,0.160416
2017-12-29,2922.41,15279.0,1187.55,9.87,30.67,770.12,3.89,258.04,17.35,74.82,2.27,0.33576,0.043162,0.173128
2017-12-28,2896.78,15888.4,1188.67,10.57,32.24,763.32,3.75,273.18,13.96,66.94,1.5,0.228361,0.041974000000000004,0.166278
2017-12-27,3108.32,16930.9,1255.25,10.81,33.22,789.25,4.48,290.94,10.98,70.29,1.47,0.233267,0.041325,0.21000300000000002
2017-12-26,3112.64,16461.2,1227.72,10.1,33.99,786.79,3.82,289.51,9.05,68.8,1.19,0.232918,0.045473,0.20650100000000002
2017-12-25,3099.62,14593.0,1235.22,9.81,32.44,782.52,3.81,286.79,6.63,68.37,1.13,0.234519,0.041792,0.258386
2017-12-24,3260.55,14626.0,1286.73,8.56,33.0,721.77,3.64,291.01,4.77,59.97,1.18,0.23718499999999998,0.051741999999999996,0.279563
2017-12-23,3479.71,15603.2,1362.96,9.48,35.14,763.9,4.21,312.67,4.8,67.75,1.21,0.263453,0.057063,0.300588
2017-12-22,3369.55,15943.4,1452.45,10.67,42.68,827.68,5.11,320.3,5.23,72.28,1.38,0.27619299999999997,0.04637,0.13992000000000002
2017-12-21,3909.0,17567.7,1622.26,13.18,47.77,880.54,5.51,339.74,5.44,79.04,1.24,0.28078600000000004,0.070908,0.161849
2017-12-20,4355.62,17934.7,1642.22,12.6,44.86,845.06,5.52,349.6,4.04,77.5,0.789044,0.265206,0.048882999999999996,0.1637
2017-12-19,2918.93,19177.8,1254.28,12.9,46.24,881.94,5.69,375.29,3.66,82.1,0.8635360000000001,0.300504,0.053959,0.079966
2017-12-18,2353.64,19371.0,1195.74,9.39,42.4,803.93,4.36,360.93,2.84,81.06,0.792014,0.278075,0.046912,0.060436000000000004
2017-12-17,1939.93,20089.0,1178.18,8.98,36.41,735.83,4.04,332.59,2.51,71.72,0.765981,0.300678,0.041387,0.090037
2017-12-16,1890.06,19716.7,1001.51,9.26,39.02,718.39,4.07,309.9,2.76,52.26,0.815923,0.236646,0.037328,0.046954
2017-12-15,1974.66,18154.1,947.29,8.41,32.7,697.13,4.06,316.41,2.93,51.24,0.8617600000000001,0.204663,0.018434,0.020249
2017-12-14,2080.41,17085.8,968.47,8.74,34.07,753.12,4.24,311.32,4.02,53.65,0.892267,0.209779,0.020064,0.020732
2017-12-13,1702.53,17653.1,931.21,7.3,33.24,747.99,4.75,341.8,2.1,49.07,0.513768,0.162841,0.018094,0.016603
2017-12-12,1638.29,17781.8,948.65,5.73,33.39,657.32,5.03,341.72,1.86,41.28,0.43410200000000004,0.162208,0.007675,0.009516
2017-12-11,1453.49,17513.9,768.94,4.48,29.43,516.97,4.58,225.29,1.21,36.57,0.252777,0.151842,0.005282,0.009273
2017-12-10,1411.84,15850.6,723.83,4.07,29.22,472.79,4.66,155.63,1.05,35.79,0.245548,0.138053,0.00463,0.008712000000000001
2017-12-09,1526.4,16783.0,774.65,4.68,33.05,504.15,5.28,171.55,0.8125020000000001,38.98,0.255684,0.147715,0.004789,0.009633
2017-12-08,1731.32,18353.4,766.04,4.59,30.05,466.06,5.01,133.07,0.6775359999999999,37.38,0.278673,0.145762,0.004731,0.00915
2017-12-07,1454.73,17899.7,714.51,4.52,30.04,441.4,4.54,101.34,0.755526,37.26,0.23376,0.177148,0.005808,0.008847
2017-12-06,1530.65,14369.1,785.18,5.1,30.51,462.71,5.55,104.82,0.766699,38.85,0.245705,0.167933,0.004077,0.008062999999999999
2017-12-05,1623.16,12032.0,779.98,4.47,31.23,473.56,3.97,104.3,0.398754,42.79,0.253988,0.127591,0.002184,0.008584
2017-12-04,1580.11,11657.2,778.05,4.13,30.88,474.78,2.98,104.24,0.421154,43.0,0.255362,0.09761,0.002169,0.008185
2017-12-03,1649.3,11858.7,806.7,4.12,31.79,482.81,2.02,106.39,0.324988,39.52,0.263072,0.09690700000000001,0.002204,0.007735
2017-12-02,1502.37,11320.2,802.12,3.99,32.66,476.24,1.45,103.8,0.246531,36.61,0.259218,0.09852000000000001,0.002212,0.006391
2017-12-01,1482.68,11046.7,806.37,3.24,31.54,472.61,1.49,100.41,0.23507399999999998,36.24,0.258828,0.091459,0.002247,0.006246
2017-11-30,1468.75,10801.0,826.95,2.99,29.44,465.5,1.39,93.54,0.215034,34.98,0.261524,0.07890599999999999,0.0023,0.006072
2017-11-29,1673.23,11517.4,815.01,3.33,34.25,522.31,1.56,104.61,0.236916,39.44,0.297867,0.099881,0.0026100000000000003,0.006513
2017-11-28,1629.48,10125.7,637.06,3.07,34.85,482.48,1.5,96.03,0.24438800000000002,40.13,0.301084,0.08498700000000001,0.002391,0.00671
2017-11-27,1742.4,9818.35,638.95,2.94,26.55,493.41,1.1,93.29,0.183595,41.91,0.254733,0.062059,0.002225,0.007084
2017-11-26,1758.61,9522.93,646.28,2.66,22.61,472.72,0.841932,88.94,0.178984,39.2,0.25291399999999997,0.049111,0.0021899999999999997,0.0068590000000000005
2017-11-25,1656.55,8790.92,656.14,2.06,22.75,485.19,0.85382,89.37,0.172993,39.86,0.2557,0.043943,0.002109,0.0056560000000000004
2017-11-24,1782.83,8374.16,573.2,1.91,21.76,480.97,0.796914,77.97,0.158864,35.7,0.24538800000000002,0.041181,0.002163,0.005459
2017-11-23,1683.81,8267.4,583.73,1.98,18.77,425.55,0.91535,76.4,0.157111,36.29,0.250096,0.044142,0.0024289999999999997,0.00577
2017-11-22,1335.25,8302.26,594.53,1.98,18.15,381.42,0.9571209999999999,71.95,0.15224400000000002,36.98,0.240848,0.042299,0.0025399999999999997,0.0060799999999999995
2017-11-21,1224.15,8348.66,519.42,2.11,18.47,372.47,0.985799,72.53,0.15196700000000002,37.16,0.24097399999999997,0.039060000000000004,0.002199,0.006086
2017-11-20,1236.01,8336.86,502.53,2.04,18.68,372.14,0.992344,72.92,0.15573599999999999,43.14,0.24343,0.039783,0.0021850000000000003,0.006253
2017-11-19,1262.34,8101.91,455.66,2.03,18.07,371.29,0.878973,72.98,0.152617,45.45,0.236231,0.039945,0.002113,0.0066159999999999995
2017-11-18,1388.11,7884.99,483.1,1.98,18.12,349.62,0.8483569999999999,69.77,0.153875,48.09,0.23039899999999996,0.036583,0.002043,0.006383
2017-11-17,1217.42,8004.59,436.02,1.82,17.58,334.96,0.8758450000000001,71.12,0.167957,41.08,0.239409,0.037293,0.002189,0.006633
2017-11-16,1210.36,7967.38,427.85,1.84,17.5,336.16,0.893702,72.48,0.16631300000000002,29.93,0.27179000000000003,0.037897,0.002338,0.006644
2017-11-15,1326.39,7342.25,444.38,1.74,17.92,340.91,0.7858229999999999,65.52,0.15095799999999998,30.59,0.21310500000000002,0.037343,0.0025,0.006726
2017-11-14,1390.21,6764.98,447.92,1.67,18.74,340.18,0.618325,63.81,0.145034,29.96,0.213693,0.037129,0.002566,0.006292
2017-11-13,1501.16,6811.19,530.94,1.19,16.66,328.42,0.652501,62.76,0.135207,28.97,0.20408099999999998,0.031968,0.002146,0.006404000000000001
2017-11-12,2477.65,6625.05,536.12,1.18,21.75,319.15,0.6360279999999999,62.31,0.139237,28.45,0.21021399999999998,0.033333999999999996,0.002006,0.006228
2017-11-11,1403.66,6873.15,349.08,1.18,19.81,319.45,0.621817,63.71,0.129153,29.93,0.214456,0.03583,0.002298,0.006801000000000001
2017-11-10,1034.77,7312.0,353.36,1.18,15.35,324.72,0.562467,65.9,0.14909,32.44,0.21906799999999998,0.039833,0.00235,0.007717
2017-11-09,670.14,7446.83,337.23,1.21,14.5,329.45,0.593595,66.84,0.169566,33.02,0.221791,0.04038,0.002438,0.007963
2017-11-08,646.38,7776.42,316.63,1.18,14.43,318.7,0.48884799999999995,64.07,0.12114200000000001,33.81,0.221458,0.035266000000000006,0.002357,0.008185
2017-11-07,626.21,7253.32,304.55,0.987035,14.99,304.84,0.397608,63.81,0.10250799999999999,26.52,0.211375,0.032871,0.002263,0.008612999999999999
2017-11-06,657.34,7445.77,280.44,1.07,15.64,305.42,0.378777,56.17,0.111221,26.81,0.208662,0.029117,0.0022890000000000002,0.00978
2017-11-05,635.72,7617.48,277.01,1.16,14.23,301.37,0.37091,55.48,0.114327,26.72,0.20512399999999997,0.027869,0.002299,0.009003
2017-11-04,642.05,7492.86,280.97,1.29,12.65,305.48,0.391546,56.37,0.09414600000000001,27.74,0.208479,0.02866,0.002325,0.007956999999999999
2017-11-03,684.53,7461.29,281.39,1.39,12.73,308.31,0.396015,56.29,0.09515900000000001,26.9,0.22802600000000003,0.028573,0.002373,0.007197
2017-11-02,610.39,7367.33,272.78,1.27,10.38,293.91,0.380213,55.28,0.102217,26.75,0.211848,0.028644,0.002624,0.006409000000000001
2017-11-01,538.26,6767.31,279.67,1.27,10.67,306.4,0.390863,55.74,0.11233199999999999,28.44,0.20150099999999999,0.030124,0.002797,0.007036
2017-10-31,454.07,6470.43,286.22,0.781782,10.94,310.55,0.40834000000000004,56.79,0.11688699999999999,30.44,0.203778,0.031814999999999996,0.003246,0.00759
2017-10-30,478.42,6214.99,287.69,0.7421939999999999,10.97,310.5,0.415571,58.55,0.11766300000000002,29.49,0.20413499999999998,0.032085,0.003177,0.006036
2017-10-29,526.12,6255.71,288.6,0.680899,11.2,313.76,0.413541,57.75,0.121125,28.61,0.205209,0.033389,0.003186,0.005483
2017-10-28,425.45,5876.72,287.92,0.539194,10.68,300.36,0.42817299999999997,56.13,0.113113,28.99,0.203476,0.034615,0.003109,0.00569
2017-10-27,372.81,5988.39,289.13,0.52354,10.56,299.26,0.43944099999999997,56.25,0.11425,28.88,0.204492,0.035061,0.003214,0.005425
2017-10-26,350.94,5976.8,292.41,0.52974,10.72,301.07,0.455887,57.15,0.119487,29.39,0.206289,0.037127,0.003048,0.00555
2017-10-25,334.38,5754.33,298.78,0.5201060000000001,10.75,301.85,0.473467,56.58,0.115354,30.11,0.20823699999999998,0.037877,0.0032869999999999996,0.005808
2017-10-24,340.46,5935.52,302.65,0.5310229999999999,10.99,311.96,0.502278,59.1,0.117656,32.72,0.21750799999999998,0.042908999999999996,0.002722,0.006534999999999999
2017-10-23,332.28,6075.59,291.24,0.5186569999999999,10.82,295.75,0.39923400000000003,56.77,0.134671,28.65,0.20391900000000002,0.036949,0.002624,0.004807
2017-10-22,355.52,6076.26,283.88,0.538859,11.25,305.5,0.411999,58.65,0.12028,29.48,0.21190100000000003,0.037668,0.002606,0.005027
2017-10-21,328.46,6194.88,290.12,0.541115,11.31,303.93,0.406504,60.52,0.125462,28.28,0.212381,0.038015,0.002332,0.005062
2017-10-20,332.98,6060.11,301.66,0.5796060000000001,11.51,311.44,0.43563900000000005,61.88,0.12316600000000001,29.5,0.223822,0.032652,0.0021260000000000003,0.0050100000000000006
2017-10-19,339.27,5744.35,300.16,0.59005,11.61,316.71,0.46595299999999995,61.29,0.126307,29.96,0.23179,0.035356,0.002137,0.0051340000000000005
2017-10-18,376.18,5603.82,300.19,0.560554,11.92,317.24,0.48229099999999997,61.75,0.12203599999999999,31.78,0.23815,0.04593,0.002106,0.005101
2017-10-17,394.96,5800.35,304.33,0.564163,12.47,333.48,0.504408,64.7,0.14523599999999998,32.55,0.26314699999999996,0.0467,0.0022429999999999998,0.005215999999999999
2017-10-16,318.02,5776.23,310.98,0.581349,12.1,349.35,0.459618,66.34,0.17263599999999998,29.07,0.29135900000000003,0.049123,0.002337,0.00547
2017-10-15,323.59,5852.48,317.01,0.586516,12.66,342.72,0.460506,70.09,0.174617,28.47,0.268419,0.019049,0.00246,0.00618
2017-10-14,327.42,5837.7,319.02,0.618572,12.54,347.98,0.482837,66.19,0.101266,29.45,0.267721,0.019165,0.0024980000000000002,0.005622
2017-10-13,323.08,5840.3,311.69,0.614803,12.47,348.6,0.445985,60.96,0.09443700000000001,29.87,0.26425,0.018663,0.00251,0.005589
2017-10-12,330.13,5446.91,298.4,0.632223,12.09,309.15,0.48622299999999996,60.11,0.086867,30.36,0.267468,0.019869,0.002548,0.0057810000000000005
2017-10-11,321.27,4873.73,301.5,0.626727,11.59,304.39,0.488967,51.14,0.084873,31.23,0.267843,0.020072,0.002553,0.005984000000000001
2017-10-10,352.02,4922.17,296.02,0.575712,11.66,306.15,0.48851700000000003,51.67,0.08533099999999999,31.2,0.26655999999999996,0.018953,0.002285,0.005752
2017-10-09,342.76,4878.71,300.84,0.6039800000000001,12.13,309.31,0.501909,53.39,0.087828,32.79,0.278758,0.022022,0.002719,0.006046
2017-10-08,362.46,4624.14,315.02,0.605634,12.45,312.54,0.5385260000000001,54.51,0.09274500000000001,37.23,0.279944,0.022042,0.0028539999999999998,0.0064730000000000005
2017-10-07,364.88,4443.88,314.22,0.604416,12.32,313.13,0.548719,52.75,0.09466000000000001,36.15,0.23933600000000002,0.024591,0.004173,0.006905
2017-10-06,371.28,4413.27,311.21,0.6089680000000001,12.4,308.84,0.562671,52.6,0.081588,34.32,0.24242399999999997,0.019194,0.0033539999999999998,0.006633
2017-10-05,371.19,4362.64,307.54,0.6207520000000001,12.05,298.04,0.567734,51.87,0.078793,33.31,0.24102300000000002,0.015283000000000001,0.003488,0.006402
2017-10-04,404.45,4352.31,315.79,0.634008,12.4,299.39,0.570545,53.05,0.081881,35.03,0.21702399999999997,0.012537000000000001,0.0035210000000000003,0.006814
2017-10-03,421.79,4432.47,310.21,0.668738,12.49,300.11,0.582044,53.59,0.07787100000000001,36.79,0.204808,0.012948,0.003186,0.00728
2017-10-02,430.86,4470.23,320.79,0.7142390000000001,12.87,302.92,0.6220899999999999,54.78,0.086406,39.01,0.206556,0.013734,0.003177,0.008139
2017-10-01,436.94,4403.74,327.5,0.725224,13.01,303.19,0.628776,55.16,0.087392,35.83,0.20718499999999998,0.013863999999999998,0.002269,0.007209999999999999
2017-09-30,445.62,4358.43,331.81,0.752134,13.15,303.96,0.646884,55.23,0.086607,34.24,0.199826,0.013944999999999999,0.002621,0.007061
2017-09-29,447.92,4214.63,338.89,0.835309,13.25,299.92,0.609587,54.16,0.087769,30.41,0.196203,0.013877,0.002973,0.0070480000000000004
2017-09-28,465.2,4279.31,346.54,0.8167369999999999,13.68,307.2,0.614313,56.67,0.092386,32.69,0.203271,0.014562,0.003474,0.006562
2017-09-27,460.0,4210.05,348.49,0.636917,12.86,308.02,0.554709,56.54,0.088764,34.03,0.20768699999999998,0.014896000000000001,0.0034950000000000003,0.006519
2017-09-26,458.25,3969.89,349.49,0.584476,11.96,293.75,0.5600430000000001,53.7,0.09057899999999999,27.3,0.191247,0.012537999999999999,0.002104,0.006361
2017-09-25,450.13,3950.25,346.35,0.574288,10.98,293.52,0.566395,52.44,0.096185,27.08,0.18366500000000002,0.012454,0.0056560000000000004,0.006141
2017-09-24,433.04,3796.15,358.04,0.5829949999999999,10.71,292.95,0.5416880000000001,49.27,0.080192,20.43,0.17893900000000001,0.012024,0.002427,0.006022
2017-09-23,432.96,3819.21,358.44,0.594251,10.77,286.17,0.551145,49.79,0.082336,20.59,0.178672,0.011897,0.002346,0.0056
2017-09-22,435.45,3758.27,355.75,0.579056,10.53,270.54,0.517458,49.09,0.085395,19.32,0.17587,0.01115,0.002172,0.005855
2017-09-21,480.01,3916.42,369.07,0.615818,11.24,286.61,0.5699930000000001,52.31,0.106958,19.82,0.182109,0.012163,0.003173,0.006423999999999999
2017-09-20,527.72,4031.39,351.19,0.654721,11.56,290.89,0.58568,53.83,0.110767,20.47,0.186229,0.012598,0.003199,0.006651000000000001
2017-09-19,550.41,4094.07,334.27,0.708576,11.93,295.77,0.6142310000000001,55.88,0.108046,21.71,0.19068,0.013505000000000001,0.023237999999999998,0.00689
2017-09-18,479.69,4079.23,335.44,0.706701,11.81,293.5,0.6124850000000001,55.61,0.090892,21.38,0.190019,0.013638999999999998,0.003438,0.006572
2017-09-17,438.9,3664.81,315.58,0.667683,10.21,257.0,0.505875,49.88,0.085101,20.64,0.181121,0.01171,0.003879,0.006152
2017-09-16,450.98,3808.84,301.23,0.685285,11.19,262.59,0.510361,52.83,0.088337,22.98,0.187417,0.012473999999999999,0.017671,0.006628
2017-09-15,448.39,3733.45,300.11,0.683713,11.2,258.66,0.509332,50.65,0.086548,19.12,0.189184,0.012570999999999999,0.001831,0.005604
2017-09-14,510.47,3920.6,303.74,0.754454,14.24,280.84,0.57363,62.43,0.092525,20.75,0.20201,0.01555,0.002479,0.006520000000000001
2017-09-13,519.2,4131.98,325.16,0.841224,14.45,291.12,0.595366,64.6,0.097609,21.29,0.20967399999999997,0.016301,0.002448,0.007028
